data_points,training_accuracy,simulation_reward
16,1.0,0.11143333255778218
32,1.0,0.16194946428601345
64,0.96875,0.156755353414004
128,0.9296875,0.29137424004873075
256,0.73046875,0.423983442725296
512,0.638671875,0.3815816585331641
1024,0.486328125,0.321613153706348
2048,0.4912109375,0.3965487031820148
4096,0.39990234375,0.516483887855915
8192,0.4202880859375,0.5098523490240118
16384,0.4091796875,0.48242463656956036

